﻿Designator,Quantity,Value,Footprint,Package,MPN,DNP,Mount_Type,Description,Sim.Device,Sim.Pins,Ref,Manufacturer,LCSC
C1,1,100u,CP_6.3x11mm_horiz-R,,,,tht,Polarized capacitor,,,,,
D1,1,D,D_DO-41_SOD81_P7.62mm_Horizontal,,,,tht,Diode,D,1=K 2=A,,,
"D2, D3",2,LED,LED_D5.0mm,,,,tht,Light emitting diode,,1=K 2=A,,,
J1,1,Power,PinHeader_1x08_P2.54mm_Vertical,,,,tht,"Generic connector, single row, 01x08, script generated (kicad-library-utils/schlib/autogen/connector/)",,,,,
J2,1,Digital/PWM,PinHeader_1x10_P2.54mm_Vertical,,,,tht,"Generic connector, single row, 01x10, script generated (kicad-library-utils/schlib/autogen/connector/)",,,,,
J3,1,Analog,PinHeader_1x06_P2.54mm_Vertical,,,,tht,"Generic connector, single row, 01x06, script generated (kicad-library-utils/schlib/autogen/connector/)",,,,,
J4,1,Digital/PWM,PinHeader_1x08_P2.54mm_Vertical,,,,tht,"Generic connector, single row, 01x08, script generated (kicad-library-utils/schlib/autogen/connector/)",,,,,
J5,1,DIN-7,DIN-704-M10,,,,tht,7-pin DIN connector,,,,,
J6,1,Barrel_Jack,BarrelJack_Horizontal,,,,tht,DC Barrel Jack,,,,,
J7,1,DebugPorts,PinHeader_1x06_P2.54mm_Vertical,,,,tht,"Generic connector, single row, 01x06, script generated (kicad-library-utils/schlib/autogen/connector/)",,,,,
K1,1,Relay_SPST-NO,RELAY_G6DN-1A_OMR,,,,tht,"Relay SPST, normally open, EN50005",,,OMRON G6DN-1A-SL DC5,OMRON,https://www.lcsc.com/product-detail/C397208.html?s_z=n_C397208
Q1,1,2N2222A-TO92,TO-92_Inline,,,,tht,"NPN TO-92 transistor, 40V, 0.6A, 625mW, Alternate KiCAD Library",,,,,
R1,1,10,R_Axial_Power_L20.0mm_W6.4mm_P25.40mm,,,,tht,Resistor,,,,,
"R2, R3, R4",3,1K,R_Axial_DIN0207_L6.3mm_D2.5mm_P2.54mm_Vertical,,,,tht,Resistor,,,,,
