﻿pos_x,pos_y,rotation,side,designator,mpn,pack,footprint,value,mount_type
25.75475,11.0,0.0,top,C1,,,CP_6.3x11mm_horiz-R,100u,tht
15.0,38.19,90.0,top,D1,,,D_DO-41_SOD81_P7.62mm_Horizontal,D,tht
18.5,31.0,-90.0,top,D2,,,LED_D5.0mm,LED,tht
2.225,49.0,0.0,top,D3,,,LED_D5.0mm,LED,tht
27.94,2.54,-90.0,bottom,J1,,,PinHeader_1x08_P2.54mm_Vertical,Power,tht
18.796,50.8,-90.0,bottom,J2,,,PinHeader_1x10_P2.54mm_Vertical,Digital/PWM,tht
50.8,2.54,-90.0,bottom,J3,,,PinHeader_1x06_P2.54mm_Vertical,Analog,tht
45.72,50.8,-90.0,bottom,J4,,,PinHeader_1x08_P2.54mm_Vertical,Digital/PWM,tht
59.0,16.0,-90.0,top,J5,,,DIN-704-M10,DIN-7,tht
10.0,20.0,0.0,top,J6,,,BarrelJack_Horizontal,Barrel_Jack,tht
58.16,46.0,-90.0,top,J7,,,PinHeader_1x06_P2.54mm_Vertical,DebugPorts,tht
27.34,32.0,90.0,top,K1,,,RELAY_G6DN-1A_OMR,Relay_SPST-NO,tht
21.64,43.54,-90.0,top,Q1,,,TO-92_Inline,2N2222A-TO92,tht
17.3,20.0,0.0,top,R1,,,R_Axial_Power_L20.0mm_W6.4mm_P25.40mm,10,tht
12.0,28.5,90.0,top,R2,,,R_Axial_DIN0207_L6.3mm_D2.5mm_P2.54mm_Vertical,1K,tht
28.96,41.0,0.0,top,R3,,,R_Axial_DIN0207_L6.3mm_D2.5mm_P2.54mm_Vertical,1K,tht
10.0,50.0,-90.0,top,R4,,,R_Axial_DIN0207_L6.3mm_D2.5mm_P2.54mm_Vertical,1K,tht
